{
  "hypothesis": "h1",
  "model": "xgb_lstm",
  "active_assets": [
    "US Equity",
    "US Treasuries",
    "US TIPS",
    "US REITs",
    "Gold",
    "Bitcoin"
  ],
  "threshold": 0.5,
  "sequence_length": 6,
  "folds_used": 12,
  "n_signals_fired": 61,
  "saa_metrics": {
    "total_return_pa": 0.08494392465146228,
    "cumulative_return": 5.351061250519873,
    "volatility_pa": 0.1040825839725347,
    "historical_var_95_daily": -0.009257336348644547,
    "sharpe_rf2": 0.6444300463862938,
    "calmar": 0.27812256385887607,
    "max_drawdown": -0.3054190335112983
  },
  "taa_metrics": {
    "total_return_pa": 0.09788146544448839,
    "cumulative_return": 7.309574980001614,
    "volatility_pa": 0.1005064672170715,
    "historical_var_95_daily": -0.009224836648039162,
    "sharpe_rf2": 0.781065217416464,
    "calmar": 0.3813249104391119,
    "max_drawdown": -0.25668783435043285
  },
  "benchmark_metrics": null,
  "ips_pass_count_taa": 2,
  "ips_pass_count_saa": 2,
  "ips_objective_taa": 1026.600067047345,
  "ips_objective_saa": 1037.9976726343668,
  "return_gap_taa": 0.0,
  "vol_gap_taa": 0.0,
  "drawdown_gap_taa": 0.006687834350432853,
  "ips_loss_taa": 1026.600067047345,
  "ips_loss_saa": 1037.9976726343668,
  "delta_drawdown": 0.048731199160865435,
  "delta_return": 0.012937540793026114,
  "delta_vol": -0.003576116755463196,
  "delta_sharpe": 0.1366351710301702,
  "elapsed_seconds": 12.528321266174316,
  "notes": "asset_setup=policy_plus_bitcoin; assets=['US Equity', 'US Treasuries', 'US TIPS', 'US REITs', 'Gold', 'Bitcoin']; taa_band=0.5; risk_aversion=4.0; bl_tau=0.05; regime_view_scale=0.5"
}