{
  "hypothesis": "h1",
  "model": "xgb_lstm",
  "active_assets": [
    "US Equity",
    "US Treasuries",
    "US TIPS",
    "US REITs",
    "Gold",
    "Bitcoin",
    "JPY"
  ],
  "threshold": 0.5,
  "sequence_length": 6,
  "folds_used": 12,
  "n_signals_fired": 61,
  "saa_metrics": {
    "total_return_pa": 0.08494392465146228,
    "cumulative_return": 5.351061250519873,
    "volatility_pa": 0.1040825839725347,
    "historical_var_95_daily": -0.009257336348644547,
    "sharpe_rf2": 0.6444300463862938,
    "calmar": 0.27812256385887607,
    "max_drawdown": -0.3054190335112983
  },
  "taa_metrics": {
    "total_return_pa": 0.0948751053191701,
    "cumulative_return": 6.80865537424482,
    "volatility_pa": 0.0913150637205376,
    "historical_var_95_daily": -0.008507591860013259,
    "sharpe_rf2": 0.8195691582559712,
    "calmar": 0.49793536423244045,
    "max_drawdown": -0.19053698960590715
  },
  "benchmark_metrics": null,
  "ips_pass_count_taa": 3,
  "ips_pass_count_saa": 2,
  "ips_objective_taa": 18.697694800727465,
  "ips_objective_saa": 1037.9976726343668,
  "return_gap_taa": 0.0,
  "vol_gap_taa": 0.0,
  "drawdown_gap_taa": 0.0,
  "ips_loss_taa": 18.697694800727465,
  "ips_loss_saa": 1037.9976726343668,
  "delta_drawdown": 0.11488204390539114,
  "delta_return": 0.009931180667707817,
  "delta_vol": -0.012767520251997094,
  "delta_sharpe": 0.17513911186967746,
  "elapsed_seconds": 10.846177577972412,
  "notes": "asset_setup=ips_available; assets=['US Equity', 'US Treasuries', 'US TIPS', 'US REITs', 'Gold', 'Bitcoin', 'JPY']; taa_band=0.5; risk_aversion=4.0; bl_tau=0.05; regime_view_scale=2.0"
}
