{
  "hypothesis": "h4",
  "model": "lstm",
  "threshold": 0.4,
  "sequence_length": 12,
  "folds_used": 12,
  "n_signals_fired": 170,
  "saa_metrics": {
    "total_return_pa": 0.046910314849486046,
    "cumulative_return": 2.418555627864861,
    "volatility_pa": 0.06155765783904882,
    "historical_var_95_daily": -0.005599147024466603,
    "sharpe_rf2": 0.4508627996908954,
    "calmar": 0.23599001788184204,
    "max_drawdown": -0.19878092840763117
  },
  "taa_metrics": {
    "total_return_pa": 0.048853791625086185,
    "cumulative_return": 2.592859341423806,
    "volatility_pa": 0.05971467699500772,
    "historical_var_95_daily": -0.005467554970775435,
    "sharpe_rf2": 0.49395048509089534,
    "calmar": 0.26931790002331824,
    "max_drawdown": -0.18139823465449678
  },
  "benchmark_metrics": null,
  "ips_pass_count_taa": 1,
  "ips_pass_count_saa": 1,
  "ips_loss_taa": 5.2050492544319695,
  "ips_loss_saa": 7.141975075845424,
  "delta_drawdown": 0.017382693753134393,
  "delta_return": 0.0019434767756001392,
  "delta_vol": -0.001842980844041095,
  "delta_sharpe": 0.043087685399999964,
  "elapsed_seconds": 13.464988470077515,
  "notes": "scale=1.5"
}