,US Equity,US Bonds,REITs,Gold,Bitcoin,JPY
US Equity,3.515e-05,5.5e-07,1.063e-05,1.396e-05,7.31e-05,-1.09e-06
US Bonds,5.5e-07,3.15e-06,4.28e-06,2.43e-06,-9.8e-07,3.98e-06
REITs,1.063e-05,4.28e-06,4.476e-05,1.069e-05,2.537e-05,9.75e-06
Gold,1.396e-05,2.43e-06,1.069e-05,0.00020135,6.474e-05,1.111e-05
Bitcoin,7.31e-05,-9.8e-07,2.537e-05,6.474e-05,0.0006029,-3.66e-06
JPY,-1.09e-06,3.98e-06,9.75e-06,1.111e-05,-3.66e-06,2.051e-05
