total_return_pa,cumulative_return,volatility_pa,historical_var_95_daily,sharpe_rf2,calmar,max_drawdown
0.06634025396289545,4.570326651077352,0.10098728780599237,-0.009031539090850704,0.4898349662961492,0.19260265641598778,-0.34444101237945646
