{
  "hypothesis": "h2",
  "model": "transformer",
  "threshold": 0.6,
  "sequence_length": 12,
  "folds_used": 12,
  "n_signals_fired": 17,
  "saa_metrics": {
    "total_return_pa": 0.046910314849486046,
    "cumulative_return": 2.418555627864861,
    "volatility_pa": 0.06155765783904882,
    "historical_var_95_daily": -0.005599147024466603,
    "sharpe_rf2": 0.4508627996908954,
    "calmar": 0.23599001788184204,
    "max_drawdown": -0.19878092840763117
  },
  "taa_metrics": {
    "total_return_pa": 0.05174446157475954,
    "cumulative_return": 2.8680303949707673,
    "volatility_pa": 0.06345218453906123,
    "historical_var_95_daily": -0.005722009592916349,
    "sharpe_rf2": 0.5118797137885296,
    "calmar": 0.26024081872677773,
    "max_drawdown": -0.19883299563810986
  },
  "benchmark_metrics": null,
  "ips_pass_count_taa": 2,
  "ips_pass_count_saa": 1,
  "ips_loss_taa": 6.832111592432132,
  "ips_loss_saa": 7.141975075845424,
  "delta_drawdown": -5.206723047868067e-05,
  "delta_return": 0.0048341467252734915,
  "delta_vol": 0.0018945267000124166,
  "delta_sharpe": 0.06101691409763421,
  "elapsed_seconds": 35.70577049255371,
  "notes": "scale=1.5"
}