{
  "hypothesis": "h3",
  "model": "xgb",
  "threshold": 0.6,
  "sequence_length": 12,
  "folds_used": 12,
  "n_signals_fired": 37,
  "saa_metrics": {
    "total_return_pa": 0.046910314849486046,
    "cumulative_return": 2.418555627864861,
    "volatility_pa": 0.06155765783904882,
    "historical_var_95_daily": -0.005599147024466603,
    "sharpe_rf2": 0.4508627996908954,
    "calmar": 0.23599001788184204,
    "max_drawdown": -0.19878092840763117
  },
  "taa_metrics": {
    "total_return_pa": 0.04719505264838775,
    "cumulative_return": 2.443573879724675,
    "volatility_pa": 0.060807007400329655,
    "historical_var_95_daily": -0.005526618795875607,
    "sharpe_rf2": 0.46014563426981414,
    "calmar": 0.2426938056083641,
    "max_drawdown": -0.19446335900532452
  },
  "benchmark_metrics": null,
  "ips_pass_count_taa": 1,
  "ips_pass_count_saa": 1,
  "ips_loss_taa": 6.680816072266696,
  "ips_loss_saa": 7.141975075845424,
  "delta_drawdown": 0.0043175694023066535,
  "delta_return": 0.0002847377989017019,
  "delta_vol": -0.0007506504387191637,
  "delta_sharpe": 0.009282834578918764,
  "elapsed_seconds": 1.5113673210144043,
  "notes": "scale=1.5"
}