{
  "hypothesis": "h4",
  "model": "transformer",
  "threshold": 0.4,
  "sequence_length": 12,
  "folds_used": 12,
  "n_signals_fired": 158,
  "saa_metrics": {
    "total_return_pa": 0.046910314849486046,
    "cumulative_return": 2.418555627864861,
    "volatility_pa": 0.06155765783904882,
    "historical_var_95_daily": -0.005599147024466603,
    "sharpe_rf2": 0.4508627996908954,
    "calmar": 0.23599001788184204,
    "max_drawdown": -0.19878092840763117
  },
  "taa_metrics": {
    "total_return_pa": 0.04846612966000485,
    "cumulative_return": 2.557421972753558,
    "volatility_pa": 0.05961063677969223,
    "historical_var_95_daily": -0.005441272570674474,
    "sharpe_rf2": 0.48850544506783555,
    "calmar": 0.2606761953174802,
    "max_drawdown": -0.18592464724666347
  },
  "benchmark_metrics": null,
  "ips_pass_count_taa": 1,
  "ips_pass_count_saa": 1,
  "ips_loss_taa": 5.697001214159077,
  "ips_loss_saa": 7.141975075845424,
  "delta_drawdown": 0.012856281160967709,
  "delta_return": 0.0015558148105188074,
  "delta_vol": -0.0019470210593565893,
  "delta_sharpe": 0.037642645376940176,
  "elapsed_seconds": 41.84398341178894,
  "notes": "scale=1.5"
}