{
  "hypothesis": "h1",
  "model": "xgb_transformer",
  "active_assets": [
    "US Equity",
    "US Treasuries",
    "US TIPS",
    "US REITs",
    "Gold"
  ],
  "threshold": 0.55,
  "sequence_length": 6,
  "folds_used": 12,
  "n_signals_fired": 53,
  "saa_metrics": {
    "total_return_pa": 0.07067630738453601,
    "cumulative_return": 3.7042213032809768,
    "volatility_pa": 0.10371800820192702,
    "historical_var_95_daily": -0.009258125781602688,
    "sharpe_rf2": 0.5186577677822388,
    "calmar": 0.23140767152588576,
    "max_drawdown": -0.3054190335112983
  },
  "taa_metrics": {
    "total_return_pa": 0.06394179912786413,
    "cumulative_return": 3.0771064591511754,
    "volatility_pa": 0.10039021739968852,
    "historical_var_95_daily": -0.008922946810246123,
    "sharpe_rf2": 0.4695155552209545,
    "calmar": 0.2209457979080716,
    "max_drawdown": -0.28940038567498916
  },
  "benchmark_metrics": null,
  "ips_pass_count_taa": 1,
  "ips_pass_count_saa": 1,
  "ips_objective_taa": 2038.1307390493937,
  "ips_objective_saa": 2040.3203460455452,
  "return_gap_taa": 0.016058200872135872,
  "vol_gap_taa": 0.0,
  "drawdown_gap_taa": 0.03940038567498916,
  "ips_loss_taa": 2038.1307390493937,
  "ips_loss_saa": 2040.3203460455452,
  "delta_drawdown": 0.01601864783630913,
  "delta_return": -0.006734508256671878,
  "delta_vol": -0.003327790802238495,
  "delta_sharpe": -0.049142212561284315,
  "elapsed_seconds": 14.445239543914795,
  "notes": "asset_setup=policy_core; assets=['US Equity', 'US Treasuries', 'US TIPS', 'US REITs', 'Gold']; taa_band=0.5; risk_aversion=4.0; bl_tau=0.05; regime_view_scale=0.5"
}