{
  "hypothesis": "h2",
  "model": "lstm",
  "threshold": 0.65,
  "sequence_length": 12,
  "folds_used": 12,
  "n_signals_fired": 24,
  "saa_metrics": {
    "total_return_pa": 0.046910314849486046,
    "cumulative_return": 2.418555627864861,
    "volatility_pa": 0.06155765783904882,
    "historical_var_95_daily": -0.005599147024466603,
    "sharpe_rf2": 0.4508627996908954,
    "calmar": 0.23599001788184204,
    "max_drawdown": -0.19878092840763117
  },
  "taa_metrics": {
    "total_return_pa": 0.05590216055749564,
    "cumulative_return": 3.2996520983445947,
    "volatility_pa": 0.06314123198581491,
    "historical_var_95_daily": -0.005668889195487944,
    "sharpe_rf2": 0.5765861461912971,
    "calmar": 0.28115132691176403,
    "max_drawdown": -0.19883299563811008
  },
  "benchmark_metrics": null,
  "ips_pass_count_taa": 2,
  "ips_pass_count_saa": 1,
  "ips_loss_taa": 6.825640949191878,
  "ips_loss_saa": 7.141975075845424,
  "delta_drawdown": -5.2067230478902715e-05,
  "delta_return": 0.008991845708009594,
  "delta_vol": 0.0015835741467660897,
  "delta_sharpe": 0.12572334650040173,
  "elapsed_seconds": 14.202220916748047,
  "notes": "scale=1.5"
}