{
  "hypothesis": "h4",
  "model": "xgb",
  "threshold": 0.65,
  "sequence_length": 12,
  "folds_used": 12,
  "n_signals_fired": 6,
  "saa_metrics": {
    "total_return_pa": 0.046910314849486046,
    "cumulative_return": 2.418555627864861,
    "volatility_pa": 0.06155765783904882,
    "historical_var_95_daily": -0.005599147024466603,
    "sharpe_rf2": 0.4508627996908954,
    "calmar": 0.23599001788184204,
    "max_drawdown": -0.19878092840763117
  },
  "taa_metrics": {
    "total_return_pa": 0.04663624407337541,
    "cumulative_return": 2.3946399574815964,
    "volatility_pa": 0.061544405192080306,
    "historical_var_95_daily": -0.005600156130056521,
    "sharpe_rf2": 0.44669215684895935,
    "calmar": 0.23454982370359032,
    "max_drawdown": -0.19883299563810986
  },
  "benchmark_metrics": null,
  "ips_pass_count_taa": 1,
  "ips_pass_count_saa": 1,
  "ips_loss_taa": 7.175005940788549,
  "ips_loss_saa": 7.141975075845424,
  "delta_drawdown": -5.206723047868067e-05,
  "delta_return": -0.00027407077611063535,
  "delta_vol": -1.3252646968511805e-05,
  "delta_sharpe": -0.004170642841936023,
  "elapsed_seconds": 1.4270586967468262,
  "notes": "scale=1.5"
}