{
  "hypothesis": "h3",
  "model": "xgb_lstm",
  "active_assets": [
    "US Equity",
    "US Treasuries",
    "US TIPS",
    "US REITs",
    "Gold",
    "Bitcoin",
    "JPY"
  ],
  "threshold": 0.55,
  "sequence_length": 6,
  "folds_used": 12,
  "n_signals_fired": 49,
  "saa_metrics": {
    "total_return_pa": 0.08494392465146228,
    "cumulative_return": 5.351061250519873,
    "volatility_pa": 0.1040825839725347,
    "historical_var_95_daily": -0.009257336348644547,
    "sharpe_rf2": 0.6444300463862938,
    "calmar": 0.27812256385887607,
    "max_drawdown": -0.3054190335112983
  },
  "taa_metrics": {
    "total_return_pa": 0.08351462754637362,
    "cumulative_return": 5.1640305705360445,
    "volatility_pa": 0.1020286440072594,
    "historical_var_95_daily": -0.00895354175217105,
    "sharpe_rf2": 0.6424048629191099,
    "calmar": 0.27725208271947943,
    "max_drawdown": -0.30122272383747173
  },
  "benchmark_metrics": null,
  "ips_pass_count_taa": 2,
  "ips_pass_count_saa": 2,
  "ips_objective_taa": 1037.0959464135829,
  "ips_objective_saa": 1037.9976726343668,
  "return_gap_taa": 0.0,
  "vol_gap_taa": 0.0,
  "drawdown_gap_taa": 0.05122272383747173,
  "ips_loss_taa": 1037.0959464135829,
  "ips_loss_saa": 1037.9976726343668,
  "delta_drawdown": 0.004196309673826559,
  "delta_return": -0.001429297105088656,
  "delta_vol": -0.002053939965275295,
  "delta_sharpe": -0.002025183467183833,
  "elapsed_seconds": 13.235302925109863,
  "notes": "asset_setup=ips_available; assets=['US Equity', 'US Treasuries', 'US TIPS', 'US REITs', 'Gold', 'Bitcoin', 'JPY']; taa_band=0.5; risk_aversion=4.0; bl_tau=0.05; regime_view_scale=0.5"
}
