{
  "hypothesis": "h2",
  "model": "xgb",
  "threshold": 0.6,
  "sequence_length": 12,
  "folds_used": 12,
  "n_signals_fired": 41,
  "saa_metrics": {
    "total_return_pa": 0.046910314849486046,
    "cumulative_return": 2.418555627864861,
    "volatility_pa": 0.06155765783904882,
    "historical_var_95_daily": -0.005599147024466603,
    "sharpe_rf2": 0.4508627996908954,
    "calmar": 0.23599001788184204,
    "max_drawdown": -0.19878092840763117
  },
  "taa_metrics": {
    "total_return_pa": 0.054738710798427626,
    "cumulative_return": 3.1744110243340042,
    "volatility_pa": 0.06683697032354129,
    "historical_var_95_daily": -0.006037522479284312,
    "sharpe_rf2": 0.5317991521726692,
    "calmar": 0.31388224165407563,
    "max_drawdown": -0.17439250627868985
  },
  "benchmark_metrics": null,
  "ips_pass_count_taa": 2,
  "ips_pass_count_saa": 1,
  "ips_loss_taa": 4.386070712651718,
  "ips_loss_saa": 7.141975075845424,
  "delta_drawdown": 0.024388422128941323,
  "delta_return": 0.00782839594894158,
  "delta_vol": 0.005279312484492468,
  "delta_sharpe": 0.08093635248177378,
  "elapsed_seconds": 1.470726728439331,
  "notes": "scale=1.5"
}