{
  "hypothesis": "h2",
  "model": "xgb_transformer",
  "active_assets": [
    "US Equity",
    "US Treasuries",
    "US TIPS",
    "US REITs",
    "Gold",
    "Bitcoin",
    "JPY"
  ],
  "threshold": 0.55,
  "sequence_length": 6,
  "folds_used": 12,
  "n_signals_fired": 47,
  "saa_metrics": {
    "total_return_pa": 0.08717098533320122,
    "cumulative_return": 7.202157278671571,
    "volatility_pa": 0.10333642990322761,
    "historical_var_95_daily": -0.009300116045558917,
    "sharpe_rf2": 0.6680775386077124,
    "calmar": 0.28049151218868196,
    "max_drawdown": -0.3107794052411923
  },
  "taa_metrics": {
    "total_return_pa": 0.08975843795205596,
    "cumulative_return": 7.708074281764427,
    "volatility_pa": 0.11166051151745354,
    "historical_var_95_daily": -0.009588945346018419,
    "sharpe_rf2": 0.6477621125801355,
    "calmar": 0.29380869800445786,
    "max_drawdown": -0.30549959399327953
  },
  "benchmark_metrics": null,
  "ips_pass_count_taa": 2,
  "ips_pass_count_saa": 2,
  "ips_objective_taa": 1038.2901261551956,
  "ips_objective_saa": 1038.772425505241,
  "return_gap_taa": 0.0,
  "vol_gap_taa": 0.0,
  "drawdown_gap_taa": 0.05549959399327953,
  "ips_loss_taa": 1038.2901261551956,
  "ips_loss_saa": 1038.772425505241,
  "delta_drawdown": 0.005279811247912769,
  "delta_return": 0.0025874526188547353,
  "delta_vol": 0.008324081614225931,
  "delta_sharpe": -0.020315426027576855,
  "elapsed_seconds": 17.150349378585815,
  "notes": "asset_setup=ips_available; assets=['US Equity', 'US Treasuries', 'US TIPS', 'US REITs', 'Gold', 'Bitcoin', 'JPY']; taa_band=0.5; risk_aversion=4.0; bl_tau=0.05; regime_view_scale=0.5"
}