{
  "hypothesis": "h1",
  "model": "xgb",
  "threshold": 0.6,
  "sequence_length": 12,
  "folds_used": 12,
  "n_signals_fired": 42,
  "saa_metrics": {
    "total_return_pa": 0.046910314849486046,
    "cumulative_return": 2.418555627864861,
    "volatility_pa": 0.06155765783904882,
    "historical_var_95_daily": -0.005599147024466603,
    "sharpe_rf2": 0.4508627996908954,
    "calmar": 0.23599001788184204,
    "max_drawdown": -0.19878092840763117
  },
  "taa_metrics": {
    "total_return_pa": 0.04744914544885637,
    "cumulative_return": 2.466048286920669,
    "volatility_pa": 0.060356517785634306,
    "historical_var_95_daily": -0.005522391398279935,
    "sharpe_rf2": 0.4671162353739621,
    "calmar": 0.24495876459005445,
    "max_drawdown": -0.19370258307868216
  },
  "benchmark_metrics": null,
  "ips_pass_count_taa": 1,
  "ips_pass_count_saa": 1,
  "ips_loss_taa": 6.578632139445182,
  "ips_loss_saa": 7.141975075845424,
  "delta_drawdown": 0.005078345328949019,
  "delta_return": 0.0005388305993703213,
  "delta_vol": -0.0012011400534145122,
  "delta_sharpe": 0.016253435683066697,
  "elapsed_seconds": 1.578876256942749,
  "notes": "scale=1.5"
}