{
  "hypothesis": "h1",
  "model": "xgb_transformer",
  "active_assets": [
    "US Equity",
    "US Treasuries",
    "US TIPS",
    "US REITs",
    "Gold",
    "Bitcoin",
    "JPY"
  ],
  "threshold": 0.55,
  "sequence_length": 6,
  "folds_used": 12,
  "n_signals_fired": 53,
  "saa_metrics": {
    "total_return_pa": 0.08494392416796259,
    "cumulative_return": 5.351061186343521,
    "volatility_pa": 0.10408258407651845,
    "historical_var_95_daily": -0.009257336344455525,
    "sharpe_rf2": 0.64443004156293,
    "calmar": 0.27812256227571436,
    "max_drawdown": -0.3054190335113991
  },
  "taa_metrics": {
    "total_return_pa": 0.08991586060536005,
    "cumulative_return": 6.044834807293076,
    "volatility_pa": 0.10095354800601936,
    "historical_var_95_daily": -0.009140021081905614,
    "sharpe_rf2": 0.7061191309286114,
    "calmar": 0.3493558048187749,
    "max_drawdown": -0.25737617456221484
  },
  "benchmark_metrics": null,
  "ips_pass_count_taa": 2,
  "ips_pass_count_saa": 2,
  "ips_objective_taa": 1027.5790036525088,
  "ips_objective_saa": 1037.9976726931354,
  "return_gap_taa": 0.0,
  "vol_gap_taa": 0.0,
  "drawdown_gap_taa": 0.007376174562214843,
  "ips_loss_taa": 1027.5790036525088,
  "ips_loss_saa": 1037.9976726931354,
  "delta_drawdown": 0.04804285894918425,
  "delta_return": 0.004971936437397462,
  "delta_vol": -0.0031290360704990944,
  "delta_sharpe": 0.061689089365681404,
  "elapsed_seconds": 16.860917806625366,
  "notes": "asset_setup=ips_available; assets=['US Equity', 'US Treasuries', 'US TIPS', 'US REITs', 'Gold', 'Bitcoin', 'JPY']; taa_band=0.5; risk_aversion=4.0; bl_tau=0.05; regime_view_scale=0.5"
}