{
  "hypothesis": "h3",
  "model": "transformer",
  "threshold": 0.4,
  "sequence_length": 12,
  "folds_used": 12,
  "n_signals_fired": 182,
  "saa_metrics": {
    "total_return_pa": 0.046910314849486046,
    "cumulative_return": 2.418555627864861,
    "volatility_pa": 0.06155765783904882,
    "historical_var_95_daily": -0.005599147024466603,
    "sharpe_rf2": 0.4508627996908954,
    "calmar": 0.23599001788184204,
    "max_drawdown": -0.19878092840763117
  },
  "taa_metrics": {
    "total_return_pa": 0.04665474541729919,
    "cumulative_return": 2.396249319293466,
    "volatility_pa": 0.05846794974020915,
    "historical_var_95_daily": -0.005370802241185045,
    "sharpe_rf2": 0.46730710963934274,
    "calmar": 0.2522359772876781,
    "max_drawdown": -0.18496467442504805
  },
  "benchmark_metrics": null,
  "ips_pass_count_taa": 1,
  "ips_pass_count_saa": 1,
  "ips_loss_taa": 5.784262189810951,
  "ips_loss_saa": 7.141975075845424,
  "delta_drawdown": 0.013816253982583127,
  "delta_return": -0.0002555694321868529,
  "delta_vol": -0.003089708098839669,
  "delta_sharpe": 0.016444309948447366,
  "elapsed_seconds": 26.188032150268555,
  "notes": "scale=1.5"
}