{
  "hypothesis": "h2",
  "model": "xgb_lstm",
  "active_assets": [
    "US Equity",
    "US Treasuries",
    "US TIPS",
    "US REITs",
    "Gold",
    "Bitcoin",
    "JPY"
  ],
  "threshold": 0.55,
  "sequence_length": 6,
  "folds_used": 12,
  "n_signals_fired": 47,
  "saa_metrics": {
    "total_return_pa": 0.08717098533320122,
    "cumulative_return": 7.202157278671571,
    "volatility_pa": 0.10333642990322761,
    "historical_var_95_daily": -0.009300116045558917,
    "sharpe_rf2": 0.6680775386077124,
    "calmar": 0.28049151218868196,
    "max_drawdown": -0.3107794052411923
  },
  "taa_metrics": {
    "total_return_pa": 0.09387970410885171,
    "cumulative_return": 8.57630485375665,
    "volatility_pa": 0.11283051076294938,
    "historical_var_95_daily": -0.00970908791974441,
    "sharpe_rf2": 0.6756746633818635,
    "calmar": 0.30338386570532283,
    "max_drawdown": -0.3094419800162913
  },
  "benchmark_metrics": null,
  "ips_pass_count_taa": 2,
  "ips_pass_count_saa": 2,
  "ips_objective_taa": 1038.783476668668,
  "ips_objective_saa": 1038.772425505241,
  "return_gap_taa": 0.0,
  "vol_gap_taa": 0.0,
  "drawdown_gap_taa": 0.05944198001629131,
  "ips_loss_taa": 1038.783476668668,
  "ips_loss_saa": 1038.772425505241,
  "delta_drawdown": 0.00133742522490099,
  "delta_return": 0.006708718775650491,
  "delta_vol": 0.009494080859721768,
  "delta_sharpe": 0.007597124774151198,
  "elapsed_seconds": 15.433887958526611,
  "notes": "asset_setup=ips_available; assets=['US Equity', 'US Treasuries', 'US TIPS', 'US REITs', 'Gold', 'Bitcoin', 'JPY']; taa_band=0.5; risk_aversion=4.0; bl_tau=0.05; regime_view_scale=0.5"
}