{
  "hypothesis": "h1",
  "model": "lstm",
  "threshold": 0.4,
  "sequence_length": 12,
  "folds_used": 12,
  "n_signals_fired": 177,
  "saa_metrics": {
    "total_return_pa": 0.046910314849486046,
    "cumulative_return": 2.418555627864861,
    "volatility_pa": 0.06155765783904882,
    "historical_var_95_daily": -0.005599147024466603,
    "sharpe_rf2": 0.4508627996908954,
    "calmar": 0.23599001788184204,
    "max_drawdown": -0.19878092840763117
  },
  "taa_metrics": {
    "total_return_pa": 0.04573705448925147,
    "cumulative_return": 2.3173016873069416,
    "volatility_pa": 0.058316302001418754,
    "historical_var_95_daily": -0.0053942811412737175,
    "sharpe_rf2": 0.453326422581565,
    "calmar": 0.24727453840265645,
    "max_drawdown": -0.18496467442504838
  },
  "benchmark_metrics": null,
  "ips_pass_count_taa": 1,
  "ips_pass_count_saa": 1,
  "ips_loss_taa": 5.877429351321535,
  "ips_loss_saa": 7.141975075845424,
  "delta_drawdown": 0.013816253982582793,
  "delta_return": -0.0011732603602345737,
  "delta_vol": -0.003241355837630064,
  "delta_sharpe": 0.002463622890669648,
  "elapsed_seconds": 14.497215986251831,
  "notes": "scale=1.5"
}