{
  "hypothesis": "h1",
  "model": "transformer",
  "threshold": 0.5,
  "sequence_length": 12,
  "folds_used": 12,
  "n_signals_fired": 165,
  "saa_metrics": {
    "total_return_pa": 0.046910314849486046,
    "cumulative_return": 2.418555627864861,
    "volatility_pa": 0.06155765783904882,
    "historical_var_95_daily": -0.005599147024466603,
    "sharpe_rf2": 0.4508627996908954,
    "calmar": 0.23599001788184204,
    "max_drawdown": -0.19878092840763117
  },
  "taa_metrics": {
    "total_return_pa": 0.04586909359962088,
    "cumulative_return": 2.3285510094789044,
    "volatility_pa": 0.058836055854771516,
    "historical_var_95_daily": -0.0054088906587848795,
    "sharpe_rf2": 0.45198153181562106,
    "calmar": 0.23737748517298415,
    "max_drawdown": -0.19323270514132662
  },
  "benchmark_metrics": null,
  "ips_pass_count_taa": 1,
  "ips_pass_count_saa": 1,
  "ips_loss_taa": 6.691163000989012,
  "ips_loss_saa": 7.141975075845424,
  "delta_drawdown": 0.005548223266304553,
  "delta_return": -0.0010412212498651652,
  "delta_vol": -0.0027216019842773026,
  "delta_sharpe": 0.0011187321247256854,
  "elapsed_seconds": 40.11359620094299,
  "notes": "scale=1.5"
}