{
  "hypothesis": "h1",
  "model": "xgb_lstm",
  "active_assets": [
    "US Equity",
    "US Treasuries",
    "US TIPS",
    "US REITs",
    "Gold"
  ],
  "threshold": 0.55,
  "sequence_length": 6,
  "folds_used": 12,
  "n_signals_fired": 53,
  "saa_metrics": {
    "total_return_pa": 0.07067630738453601,
    "cumulative_return": 3.7042213032809768,
    "volatility_pa": 0.10371800820192702,
    "historical_var_95_daily": -0.009258125781602688,
    "sharpe_rf2": 0.5186577677822388,
    "calmar": 0.23140767152588576,
    "max_drawdown": -0.3054190335112983
  },
  "taa_metrics": {
    "total_return_pa": 0.06778929116428012,
    "cumulative_return": 3.4248524376774157,
    "volatility_pa": 0.0964470301643846,
    "historical_var_95_daily": -0.008815899438407451,
    "sharpe_rf2": 0.5215733353050933,
    "calmar": 0.26310671355605425,
    "max_drawdown": -0.2576494162694095
  },
  "benchmark_metrics": null,
  "ips_pass_count_taa": 1,
  "ips_pass_count_saa": 1,
  "ips_objective_taa": 2030.6167280374643,
  "ips_objective_saa": 2040.3203460455452,
  "return_gap_taa": 0.012210708835719883,
  "vol_gap_taa": 0.0,
  "drawdown_gap_taa": 0.007649416269409515,
  "ips_loss_taa": 2030.6167280374643,
  "ips_loss_saa": 2040.3203460455452,
  "delta_drawdown": 0.04776961724188877,
  "delta_return": -0.002887016220255889,
  "delta_vol": -0.007270978037542411,
  "delta_sharpe": 0.0029155675228544897,
  "elapsed_seconds": 12.37150239944458,
  "notes": "asset_setup=policy_core; assets=['US Equity', 'US Treasuries', 'US TIPS', 'US REITs', 'Gold']; taa_band=0.5; risk_aversion=4.0; bl_tau=0.05; regime_view_scale=0.5"
}