{
  "hypothesis": "h4",
  "model": "xgb_lstm",
  "active_assets": [
    "US Equity",
    "US Treasuries",
    "US TIPS",
    "US REITs",
    "Gold",
    "Bitcoin",
    "JPY"
  ],
  "threshold": 0.55,
  "sequence_length": 6,
  "folds_used": 12,
  "n_signals_fired": 11,
  "saa_metrics": {
    "total_return_pa": 0.08680830045109511,
    "cumulative_return": 5.462916640555736,
    "volatility_pa": 0.10345822300412602,
    "historical_var_95_daily": -0.009134826078647578,
    "sharpe_rf2": 0.6643069774960467,
    "calmar": 0.28423090555359826,
    "max_drawdown": -0.30541471302009915
  },
  "taa_metrics": {
    "total_return_pa": 0.08826139427852264,
    "cumulative_return": 5.6594201419075345,
    "volatility_pa": 0.10261882403280805,
    "historical_var_95_daily": -0.009002896166875473,
    "sharpe_rf2": 0.681925609729872,
    "calmar": 0.2889083848683092,
    "max_drawdown": -0.30549959399327964
  },
  "benchmark_metrics": null,
  "ips_pass_count_taa": 2,
  "ips_pass_count_saa": 2,
  "ips_objective_taa": 1037.5356617740845,
  "ips_objective_saa": 1037.7479348593229,
  "return_gap_taa": 0.0,
  "vol_gap_taa": 0.0,
  "drawdown_gap_taa": 0.05549959399327964,
  "ips_loss_taa": 1037.5356617740845,
  "ips_loss_saa": 1037.7479348593229,
  "delta_drawdown": -8.488097318049004e-05,
  "delta_return": 0.0014530938274275318,
  "delta_vol": -0.0008393989713179756,
  "delta_sharpe": 0.017618632233825315,
  "elapsed_seconds": 14.611015558242798,
  "notes": "asset_setup=ips_available; assets=['US Equity', 'US Treasuries', 'US TIPS', 'US REITs', 'Gold', 'Bitcoin', 'JPY']; taa_band=0.5; risk_aversion=4.0; bl_tau=0.05; regime_view_scale=0.5"
}