{
  "h1|xgb": {
    "hypothesis": "h1",
    "model": "xgb",
    "threshold": 0.6,
    "sequence_length": 12,
    "folds_used": 12,
    "n_signals_fired": 42,
    "saa_metrics": {
      "total_return_pa": 0.046910314849486046,
      "cumulative_return": 2.418555627864861,
      "volatility_pa": 0.06155765783904882,
      "historical_var_95_daily": -0.005599147024466603,
      "sharpe_rf2": 0.4508627996908954,
      "calmar": 0.23599001788184204,
      "max_drawdown": -0.19878092840763117
    },
    "taa_metrics": {
      "total_return_pa": 0.04744914544885637,
      "cumulative_return": 2.466048286920669,
      "volatility_pa": 0.060356517785634306,
      "historical_var_95_daily": -0.005522391398279935,
      "sharpe_rf2": 0.4671162353739621,
      "calmar": 0.24495876459005445,
      "max_drawdown": -0.19370258307868216
    },
    "benchmark_metrics": null,
    "ips_pass_count_taa": 1,
    "ips_pass_count_saa": 1,
    "ips_loss_taa": 6.578632139445182,
    "ips_loss_saa": 7.141975075845424,
    "delta_drawdown": 0.005078345328949019,
    "delta_return": 0.0005388305993703213,
    "delta_vol": -0.0012011400534145122,
    "delta_sharpe": 0.016253435683066697,
    "elapsed_seconds": 1.578876256942749,
    "notes": "scale=1.5"
  },
  "h1|lstm": {
    "hypothesis": "h1",
    "model": "lstm",
    "threshold": 0.4,
    "sequence_length": 12,
    "folds_used": 12,
    "n_signals_fired": 177,
    "saa_metrics": {
      "total_return_pa": 0.046910314849486046,
      "cumulative_return": 2.418555627864861,
      "volatility_pa": 0.06155765783904882,
      "historical_var_95_daily": -0.005599147024466603,
      "sharpe_rf2": 0.4508627996908954,
      "calmar": 0.23599001788184204,
      "max_drawdown": -0.19878092840763117
    },
    "taa_metrics": {
      "total_return_pa": 0.04573705448925147,
      "cumulative_return": 2.3173016873069416,
      "volatility_pa": 0.058316302001418754,
      "historical_var_95_daily": -0.0053942811412737175,
      "sharpe_rf2": 0.453326422581565,
      "calmar": 0.24727453840265645,
      "max_drawdown": -0.18496467442504838
    },
    "benchmark_metrics": null,
    "ips_pass_count_taa": 1,
    "ips_pass_count_saa": 1,
    "ips_loss_taa": 5.877429351321535,
    "ips_loss_saa": 7.141975075845424,
    "delta_drawdown": 0.013816253982582793,
    "delta_return": -0.0011732603602345737,
    "delta_vol": -0.003241355837630064,
    "delta_sharpe": 0.002463622890669648,
    "elapsed_seconds": 14.497215986251831,
    "notes": "scale=1.5"
  },
  "h1|transformer": {
    "hypothesis": "h1",
    "model": "transformer",
    "threshold": 0.5,
    "sequence_length": 12,
    "folds_used": 12,
    "n_signals_fired": 165,
    "saa_metrics": {
      "total_return_pa": 0.046910314849486046,
      "cumulative_return": 2.418555627864861,
      "volatility_pa": 0.06155765783904882,
      "historical_var_95_daily": -0.005599147024466603,
      "sharpe_rf2": 0.4508627996908954,
      "calmar": 0.23599001788184204,
      "max_drawdown": -0.19878092840763117
    },
    "taa_metrics": {
      "total_return_pa": 0.04586909359962088,
      "cumulative_return": 2.3285510094789044,
      "volatility_pa": 0.058836055854771516,
      "historical_var_95_daily": -0.0054088906587848795,
      "sharpe_rf2": 0.45198153181562106,
      "calmar": 0.23737748517298415,
      "max_drawdown": -0.19323270514132662
    },
    "benchmark_metrics": null,
    "ips_pass_count_taa": 1,
    "ips_pass_count_saa": 1,
    "ips_loss_taa": 6.691163000989012,
    "ips_loss_saa": 7.141975075845424,
    "delta_drawdown": 0.005548223266304553,
    "delta_return": -0.0010412212498651652,
    "delta_vol": -0.0027216019842773026,
    "delta_sharpe": 0.0011187321247256854,
    "elapsed_seconds": 40.11359620094299,
    "notes": "scale=1.5"
  },
  "h2|xgb": {
    "hypothesis": "h2",
    "model": "xgb",
    "threshold": 0.6,
    "sequence_length": 12,
    "folds_used": 12,
    "n_signals_fired": 41,
    "saa_metrics": {
      "total_return_pa": 0.046910314849486046,
      "cumulative_return": 2.418555627864861,
      "volatility_pa": 0.06155765783904882,
      "historical_var_95_daily": -0.005599147024466603,
      "sharpe_rf2": 0.4508627996908954,
      "calmar": 0.23599001788184204,
      "max_drawdown": -0.19878092840763117
    },
    "taa_metrics": {
      "total_return_pa": 0.054738710798427626,
      "cumulative_return": 3.1744110243340042,
      "volatility_pa": 0.06683697032354129,
      "historical_var_95_daily": -0.006037522479284312,
      "sharpe_rf2": 0.5317991521726692,
      "calmar": 0.31388224165407563,
      "max_drawdown": -0.17439250627868985
    },
    "benchmark_metrics": null,
    "ips_pass_count_taa": 2,
    "ips_pass_count_saa": 1,
    "ips_loss_taa": 4.386070712651718,
    "ips_loss_saa": 7.141975075845424,
    "delta_drawdown": 0.024388422128941323,
    "delta_return": 0.00782839594894158,
    "delta_vol": 0.005279312484492468,
    "delta_sharpe": 0.08093635248177378,
    "elapsed_seconds": 1.470726728439331,
    "notes": "scale=1.5"
  },
  "h2|lstm": {
    "hypothesis": "h2",
    "model": "lstm",
    "threshold": 0.65,
    "sequence_length": 12,
    "folds_used": 12,
    "n_signals_fired": 24,
    "saa_metrics": {
      "total_return_pa": 0.046910314849486046,
      "cumulative_return": 2.418555627864861,
      "volatility_pa": 0.06155765783904882,
      "historical_var_95_daily": -0.005599147024466603,
      "sharpe_rf2": 0.4508627996908954,
      "calmar": 0.23599001788184204,
      "max_drawdown": -0.19878092840763117
    },
    "taa_metrics": {
      "total_return_pa": 0.05590216055749564,
      "cumulative_return": 3.2996520983445947,
      "volatility_pa": 0.06314123198581491,
      "historical_var_95_daily": -0.005668889195487944,
      "sharpe_rf2": 0.5765861461912971,
      "calmar": 0.28115132691176403,
      "max_drawdown": -0.19883299563811008
    },
    "benchmark_metrics": null,
    "ips_pass_count_taa": 2,
    "ips_pass_count_saa": 1,
    "ips_loss_taa": 6.825640949191878,
    "ips_loss_saa": 7.141975075845424,
    "delta_drawdown": -5.2067230478902715e-05,
    "delta_return": 0.008991845708009594,
    "delta_vol": 0.0015835741467660897,
    "delta_sharpe": 0.12572334650040173,
    "elapsed_seconds": 14.202220916748047,
    "notes": "scale=1.5"
  },
  "h2|transformer": {
    "hypothesis": "h2",
    "model": "transformer",
    "threshold": 0.6,
    "sequence_length": 12,
    "folds_used": 12,
    "n_signals_fired": 17,
    "saa_metrics": {
      "total_return_pa": 0.046910314849486046,
      "cumulative_return": 2.418555627864861,
      "volatility_pa": 0.06155765783904882,
      "historical_var_95_daily": -0.005599147024466603,
      "sharpe_rf2": 0.4508627996908954,
      "calmar": 0.23599001788184204,
      "max_drawdown": -0.19878092840763117
    },
    "taa_metrics": {
      "total_return_pa": 0.05174446157475954,
      "cumulative_return": 2.8680303949707673,
      "volatility_pa": 0.06345218453906123,
      "historical_var_95_daily": -0.005722009592916349,
      "sharpe_rf2": 0.5118797137885296,
      "calmar": 0.26024081872677773,
      "max_drawdown": -0.19883299563810986
    },
    "benchmark_metrics": null,
    "ips_pass_count_taa": 2,
    "ips_pass_count_saa": 1,
    "ips_loss_taa": 6.832111592432132,
    "ips_loss_saa": 7.141975075845424,
    "delta_drawdown": -5.206723047868067e-05,
    "delta_return": 0.0048341467252734915,
    "delta_vol": 0.0018945267000124166,
    "delta_sharpe": 0.06101691409763421,
    "elapsed_seconds": 35.70577049255371,
    "notes": "scale=1.5"
  },
  "h3|xgb": {
    "hypothesis": "h3",
    "model": "xgb",
    "threshold": 0.6,
    "sequence_length": 12,
    "folds_used": 12,
    "n_signals_fired": 37,
    "saa_metrics": {
      "total_return_pa": 0.046910314849486046,
      "cumulative_return": 2.418555627864861,
      "volatility_pa": 0.06155765783904882,
      "historical_var_95_daily": -0.005599147024466603,
      "sharpe_rf2": 0.4508627996908954,
      "calmar": 0.23599001788184204,