{
  "h1|xgb_lstm": {
    "hypothesis": "h1",
    "model": "xgb_lstm",
    "asset_setup": "ips_available",
    "assets": "US Equity,US Treasuries,US TIPS,US REITs,Gold,Bitcoin,JPY",
    "seq_len": 6,
    "threshold": 0.5,
    "taa_band": 0.5,
    "risk_aversion": 4.0,
    "bl_tau": 0.05,
    "regime_view_scale": 2.0,
    "ips_pass": 3,
    "ips_objective": 18.313982131125584,
    "return_pa": 0.09519363418662508,
    "vol_pa": 0.09113661752986667,
    "max_dd": -0.18719683796801423,
    "sharpe": 0.824176593760402,
    "calmar": 0.50852159267183,
    "delta_dd": 0.11822219554338487,
    "delta_ret": 0.010249710018662483,
    "n_signals_fired": 61,
    "elapsed_seconds": 15.534783601760864,
    "status": "keep"
  },
  "h1|xgb_transformer": {
    "hypothesis": "h1",
    "model": "xgb_transformer",
    "asset_setup": "ips_available",
    "assets": "US Equity,US Treasuries,US TIPS,US REITs,Gold,Bitcoin,JPY",
    "seq_len": 6,
    "threshold": 0.55,
    "taa_band": 0.5,
    "risk_aversion": 4.0,
    "bl_tau": 0.05,
    "regime_view_scale": 0.5,
    "ips_pass": 2,
    "ips_objective": 1027.5790036525088,
    "return_pa": 0.08991586060536,
    "vol_pa": 0.1009535480060193,
    "max_dd": -0.2573761745622148,
    "sharpe": 0.7061191309286114,
    "calmar": 0.3493558048187749,
    "delta_dd": 0.0480428589491842,
    "delta_ret": 0.0049719364373974,
    "n_signals_fired": 53,
    "elapsed_seconds": 16.860917806625366,
    "status": "keep"
  },
  "h2|xgb_lstm": {
    "hypothesis": "h2",
    "model": "xgb_lstm",
    "asset_setup": "ips_available",
    "assets": "US Equity,US Treasuries,US TIPS,US REITs,Gold,Bitcoin,JPY",
    "seq_len": 6,
    "threshold": 0.55,
    "taa_band": 0.5,
    "risk_aversion": 4.0,
    "bl_tau": 0.05,
    "regime_view_scale": 0.5,
    "ips_pass": 2,
    "ips_objective": 1038.783476668668,
    "return_pa": 0.0938797041088517,
    "vol_pa": 0.1128305107629493,
    "max_dd": -0.3094419800162913,
    "sharpe": 0.6756746633818635,
    "calmar": 0.3033838657053228,
    "delta_dd": 0.0013374252249009,
    "delta_ret": 0.0067087187756504,
    "n_signals_fired": 47,
    "elapsed_seconds": 15.433887958526611,
    "status": "keep"
  },
  "h2|xgb_transformer": {
    "hypothesis": "h2",
    "model": "xgb_transformer",
    "asset_setup": "ips_available",
    "assets": "US Equity,US Treasuries,US TIPS,US REITs,Gold,Bitcoin,JPY",
    "seq_len": 6,
    "threshold": 0.55,
    "taa_band": 0.5,
    "risk_aversion": 4.0,
    "bl_tau": 0.05,
    "regime_view_scale": 0.5,
    "ips_pass": 2,
    "ips_objective": 1038.2901261551956,
    "return_pa": 0.0897584379520559,
    "vol_pa": 0.1116605115174535,
    "max_dd": -0.3054995939932795,
    "sharpe": 0.6477621125801355,
    "calmar": 0.2938086980044578,
    "delta_dd": 0.0052798112479127,
    "delta_ret": 0.0025874526188547,
    "n_signals_fired": 47,
    "elapsed_seconds": 17.150349378585815,
    "status": "keep"
  },
  "h3|xgb_lstm": {
    "hypothesis": "h3",
    "model": "xgb_lstm",
    "asset_setup": "ips_available",
    "assets": "US Equity,US Treasuries,US TIPS,US REITs,Gold,Bitcoin,JPY",
    "seq_len": 6,
    "threshold": 0.55,
    "taa_band": 0.5,
    "risk_aversion": 4.0,
    "bl_tau": 0.05,
    "regime_view_scale": 0.5,
    "ips_pass": 2,
    "ips_objective": 1038.9719680557616,
    "return_pa": 0.0828878155657451,
    "vol_pa": 0.101484612421273,
    "max_dd": -0.3105614418510444,
    "sharpe": 0.639603986502665,
    "calmar": 0.2668966729150518,
    "delta_dd": -0.0051424083396452,
    "delta_ret": -0.0020561086022174,
    "n_signals_fired": 49,
    "elapsed_seconds": 16.179022073745728,
    "status": "keep"
  },
  "h3|xgb_transformer": {
    "hypothesis": "h3",
    "model": "xgb_transformer",
    "asset_setup": "ips_available",
    "assets": "US Equity,US Treasuries,US TIPS,US REITs,Gold,Bitcoin,JPY",
    "seq_len": 6,
    "threshold": 0.55,
    "taa_band": 0.5,
    "risk_aversion": 4.0,
    "bl_tau": 0.05,
    "regime_view_scale": 0.5,
    "ips_pass": 2,
    "ips_objective": 1037.301395918652,
    "return_pa": 0.0883223818913836,
    "vol_pa": 0.102607279510037,
    "max_dd": -0.3043645307839323,
    "sharpe": 0.6825302081221654,
    "calmar": 0.2901861845199153,
    "delta_dd": 0.0010545027274667,
    "delta_ret": 0.003378457723421,
    "n_signals_fired": 49,
    "elapsed_seconds": 20.108275175094604,
    "status": "keep"
  },
  "h4|xgb_lstm": {
    "hypothesis": "h4",
    "model": "xgb_lstm",
    "asset_setup": "ips_available",
    "assets": "US Equity,US Treasuries,US TIPS,US REITs,Gold,Bitcoin,JPY",
    "seq_len": 6,
    "threshold": 0.55,
    "taa_band": 0.5,
    "risk_aversion": 4.0,
    "bl_tau": 0.05,
    "regime_view_scale": 0.5,
    "ips_pass": 2,
    "ips_objective": 1037.5356617740845,
    "return_pa": 0.0882613942785226,
    "vol_pa": 0.102618824032808,
    "max_dd": -0.3054995939932796,
    "sharpe": 0.681925609729872,
    "calmar": 0.2889083848683092,
    "delta_dd": -8.488097318049004e-05,
    "delta_ret": 0.0014530938274275,
    "n_signals_fired": 11,
    "elapsed_seconds": 14.611015558242798,
    "status": "keep"
  },
  "h4|xgb_transformer": {
    "hypothesis": "h4",
    "model": "xgb_transformer",
    "asset_setup": "ips_available",
    "assets": "US Equity,US Treasuries,US TIPS,US REITs,Gold,Bitcoin,JPY",
    "seq_len": 6,
    "threshold": 0.55,
    "taa_band": 0.5,
    "risk_aversion": 4.0,
    "bl_tau": 0.05,
    "regime_view_scale": 0.5,
    "ips_pass": 2,
    "ips_objective": 1037.354846656371,
    "return_pa": 0.0898571699635881,
    "vol_pa": 0.102406448540737,
    "max_dd": -0.3054995939932796,
    "sharpe": 0.6974465372988498,
    "calmar": 0.2941318801411069,
    "delta_dd": -8.488097318049004e-05,
    "delta_ret": 0.003048869512493,
    "n_signals_fired": 11,
    "elapsed_seconds": 15.285086631774902,
    "status": "keep"
  }
}