{
  "h1|xgb_lstm": {
    "hypothesis": "h1",
    "model": "xgb_lstm",
    "asset_setup": "ips_available",
    "assets": "US Equity,US Treasuries,US TIPS,US REITs,Gold,Bitcoin,JPY",
    "seq_len": 6,
    "threshold": 0.5,
    "taa_band": 0.5,
    "risk_aversion": 4.0,
    "bl_tau": 0.05,
    "regime_view_scale": 2.0,
    "ips_pass": 3,
    "ips_objective": 18.697694800727465,
    "return_pa": 0.0948751053191701,
    "vol_pa": 0.0913150637205376,
    "max_dd": -0.19053698960590715,
    "sharpe": 0.8195691582559712,
    "calmar": 0.49793536423244045,
    "delta_dd": 0.11488204390539114,
    "delta_ret": 0.009931180667707817,
    "n_signals_fired": 61,
    "elapsed_seconds": 10.846177577972412,
    "status": "keep"
  },
  "h1|xgb_transformer": {
    "hypothesis": "h1",
    "model": "xgb_transformer",
    "asset_setup": "ips_available",
    "assets": "US Equity,US Treasuries,US TIPS,US REITs,Gold,Bitcoin,JPY",
    "seq_len": 6,
    "threshold": 0.55,
    "taa_band": 0.5,
    "risk_aversion": 4.0,
    "bl_tau": 0.05,
    "regime_view_scale": 0.5,
    "ips_pass": 2,
    "ips_objective": 1029.13581366661,
    "return_pa": 0.0918970829136118,
    "vol_pa": 0.1003275085906983,
    "max_dd": -0.2664638554945071,
    "sharpe": 0.7278474685262741,
    "calmar": 0.3448763538419425,
    "delta_dd": 0.0389551780167911,
    "delta_ret": 0.0069531582621495,
    "n_signals_fired": 53,
    "elapsed_seconds": 14.865991353988647,
    "status": "keep"
  },
  "h2|xgb_lstm": {
    "hypothesis": "h2",
    "model": "xgb_lstm",
    "asset_setup": "ips_available",
    "assets": "US Equity,US Treasuries,US TIPS,US REITs,Gold,Bitcoin,JPY",
    "seq_len": 6,
    "threshold": 0.55,
    "taa_band": 0.5,
    "risk_aversion": 4.0,
    "bl_tau": 0.05,
    "regime_view_scale": 0.5,
    "ips_pass": 2,
    "ips_objective": 1038.7179362736736,
    "return_pa": 0.0945834563424281,
    "vol_pa": 0.1128788590917673,
    "max_dd": -0.3094419799936984,
    "sharpe": 0.6811356946703884,
    "calmar": 0.3056581280418199,
    "delta_dd": 0.0013374252114666,
    "delta_ret": 0.0074124705696925,
    "n_signals_fired": 47,
    "elapsed_seconds": 13.721617460250854,
    "status": "keep"
  },
  "h2|xgb_transformer": {
    "hypothesis": "h2",
    "model": "xgb_transformer",
    "asset_setup": "ips_available",
    "assets": "US Equity,US Treasuries,US TIPS,US REITs,Gold,Bitcoin,JPY",
    "seq_len": 6,
    "threshold": 0.55,
    "taa_band": 0.5,
    "risk_aversion": 4.0,
    "bl_tau": 0.05,
    "regime_view_scale": 0.5,
    "ips_pass": 2,
    "ips_objective": 1038.5753094796785,
    "return_pa": 0.0945740050696406,
    "vol_pa": 0.1114431398790285,
    "max_dd": -0.3094419799936984,
    "sharpe": 0.6883195950463205,
    "calmar": 0.3056275850857941,
    "delta_dd": 0.0013374252114666,
    "delta_ret": 0.007403019296905,
    "n_signals_fired": 47,
    "elapsed_seconds": 16.268672943115234,
    "status": "keep"
  },
  "h3|xgb_lstm": {
    "hypothesis": "h3",
    "model": "xgb_lstm",
    "asset_setup": "ips_available",
    "assets": "US Equity,US Treasuries,US TIPS,US REITs,Gold,Bitcoin,JPY",
    "seq_len": 6,
    "threshold": 0.55,
    "taa_band": 0.5,
    "risk_aversion": 4.0,
    "bl_tau": 0.05,
    "regime_view_scale": 0.5,
    "ips_pass": 2,
    "ips_objective": 1037.0959464135829,
    "return_pa": 0.0835146275463736,
    "vol_pa": 0.1020286440072594,
    "max_dd": -0.3012227238374717,
    "sharpe": 0.6424048629191099,
    "calmar": 0.2772520827194794,
    "delta_dd": 0.0041963096738265,
    "delta_ret": -0.0014292971050886,
    "n_signals_fired": 49,
    "elapsed_seconds": 13.235302925109863,
    "status": "keep"
  },
  "h3|xgb_transformer": {
    "hypothesis": "h3",
    "model": "xgb_transformer",
    "asset_setup": "ips_available",
    "assets": "US Equity,US Treasuries,US TIPS,US REITs,Gold,Bitcoin,JPY",
    "seq_len": 6,
    "threshold": 0.55,
    "taa_band": 0.5,
    "risk_aversion": 4.0,
    "bl_tau": 0.05,
    "regime_view_scale": 0.5,
    "ips_pass": 2,
    "ips_objective": 1034.0843717798118,
    "return_pa": 0.0916878134087502,
    "vol_pa": 0.1028883122811639,
    "max_dd": -0.2898216094628524,
    "sharpe": 0.7109645187778546,
    "calmar": 0.3163594791246999,
    "delta_dd": 0.0155974240484458,
    "delta_ret": 0.0067438887572879,
    "n_signals_fired": 49,
    "elapsed_seconds": 15.460840225219728,
    "status": "keep"
  },
  "h4|xgb_lstm": {
    "hypothesis": "h4",
    "model": "xgb_lstm",
    "asset_setup": "ips_available",
    "assets": "US Equity,US Treasuries,US TIPS,US REITs,Gold,Bitcoin,JPY",
    "seq_len": 6,
    "threshold": 0.55,
    "taa_band": 0.5,
    "risk_aversion": 4.0,
    "bl_tau": 0.05,
    "regime_view_scale": 0.5,
    "ips_pass": 2,
    "ips_objective": 1037.504193179427,
    "return_pa": 0.0885922614000085,
    "vol_pa": 0.1026350052079196,
    "max_dd": -0.3054995939931786,
    "sharpe": 0.6847970556064561,
    "calmar": 0.2899914210752983,
    "delta_dd": -8.488097317960186e-05,
    "delta_ret": 0.0017839604590108,
    "n_signals_fired": 11,
    "elapsed_seconds": 11.928896188735962,
    "status": "keep"
  },
  "h4|xgb_transformer": {
    "hypothesis": "h4",
    "model": "xgb_transformer",
    "asset_setup": "ips_available",
    "assets": "US Equity,US Treasuries,US TIPS,US REITs,Gold,Bitcoin,JPY",
    "seq_len": 6,
    "threshold": 0.55,
    "taa_band": 0.5,
    "risk_aversion": 4.0,
    "bl_tau": 0.05,
    "regime_view_scale": 0.5,
    "ips_pass": 2,
    "ips_objective": 1037.4859314746634,
    "return_pa": 0.0884337964984967,
    "vol_pa": 0.1022939232587737,
    "max_dd": -0.3054995939931786,
    "sharpe": 0.6853212223442858,
    "calmar": 0.289472713670681,
    "delta_dd": -8.488097317960186e-05,
    "delta_ret": 0.001625495557499,
    "n_signals_fired": 11,
    "elapsed_seconds": 15.94188666343689,
    "status": "keep"
  }
}
