{
  "hypothesis": "h1",
  "model": "xgb_transformer",
  "active_assets": [
    "US Equity",
    "US Treasuries",
    "US TIPS",
    "US REITs",
    "Gold",
    "Bitcoin",
    "JPY"
  ],
  "threshold": 0.55,
  "sequence_length": 6,
  "folds_used": 12,
  "n_signals_fired": 53,
  "saa_metrics": {
    "total_return_pa": 0.08494392465146228,
    "cumulative_return": 5.351061250519873,
    "volatility_pa": 0.1040825839725347,
    "historical_var_95_daily": -0.009257336348644547,
    "sharpe_rf2": 0.6444300463862938,
    "calmar": 0.27812256385887607,
    "max_drawdown": -0.3054190335112983
  },
  "taa_metrics": {
    "total_return_pa": 0.09189708291361187,
    "cumulative_return": 6.340996655574002,
    "volatility_pa": 0.10032750859069839,
    "historical_var_95_daily": -0.009225966445893663,
    "sharpe_rf2": 0.7278474685262741,
    "calmar": 0.3448763538419425,
    "max_drawdown": -0.26646385549450713
  },
  "benchmark_metrics": null,
  "ips_pass_count_taa": 2,
  "ips_pass_count_saa": 2,
  "ips_objective_taa": 1029.1358136666101,
  "ips_objective_saa": 1037.9976726343668,
  "return_gap_taa": 0.0,
  "vol_gap_taa": 0.0,
  "drawdown_gap_taa": 0.01646385549450713,
  "ips_loss_taa": 1029.1358136666101,
  "ips_loss_saa": 1037.9976726343668,
  "delta_drawdown": 0.03895517801679116,
  "delta_return": 0.006953158262149595,
  "delta_vol": -0.003755075381836309,
  "delta_sharpe": 0.08341742213998038,
  "elapsed_seconds": 14.865991353988647,
  "notes": "asset_setup=ips_available; assets=['US Equity', 'US Treasuries', 'US TIPS', 'US REITs', 'Gold', 'Bitcoin', 'JPY']; taa_band=0.5; risk_aversion=4.0; bl_tau=0.05; regime_view_scale=0.5"
}
