{
  "hypothesis": "h3",
  "model": "xgb_transformer",
  "active_assets": [
    "US Equity",
    "US Treasuries",
    "US TIPS",
    "US REITs",
    "Gold",
    "Bitcoin",
    "JPY"
  ],
  "threshold": 0.55,
  "sequence_length": 6,
  "folds_used": 12,
  "n_signals_fired": 49,
  "saa_metrics": {
    "total_return_pa": 0.08494392416796259,
    "cumulative_return": 5.351061186343521,
    "volatility_pa": 0.10408258407651845,
    "historical_var_95_daily": -0.009257336344455525,
    "sharpe_rf2": 0.64443004156293,
    "calmar": 0.27812256227571436,
    "max_drawdown": -0.3054190335113991
  },
  "taa_metrics": {
    "total_return_pa": 0.08832238189138364,
    "cumulative_return": 5.8149567434899385,
    "volatility_pa": 0.102607279510037,
    "historical_var_95_daily": -0.009039359701923396,
    "sharpe_rf2": 0.6825302081221654,
    "calmar": 0.29018618451991535,
    "max_drawdown": -0.30436453078393233
  },
  "benchmark_metrics": null,
  "ips_pass_count_taa": 2,
  "ips_pass_count_saa": 2,
  "ips_objective_taa": 1037.301395918652,
  "ips_objective_saa": 1037.9976726931354,
  "return_gap_taa": 0.0,
  "vol_gap_taa": 0.0,
  "drawdown_gap_taa": 0.05436453078393233,
  "ips_loss_taa": 1037.301395918652,
  "ips_loss_saa": 1037.9976726931354,
  "delta_drawdown": 0.0010545027274667662,
  "delta_return": 0.0033784577234210467,
  "delta_vol": -0.0014753045664814557,
  "delta_sharpe": 0.038100166559235316,
  "elapsed_seconds": 20.108275175094604,
  "notes": "asset_setup=ips_available; assets=['US Equity', 'US Treasuries', 'US TIPS', 'US REITs', 'Gold', 'Bitcoin', 'JPY']; taa_band=0.5; risk_aversion=4.0; bl_tau=0.05; regime_view_scale=0.5"
}