{
  "hypothesis": "h3",
  "model": "lstm",
  "threshold": 0.4,
  "sequence_length": 12,
  "folds_used": 12,
  "n_signals_fired": 178,
  "saa_metrics": {
    "total_return_pa": 0.046910314849486046,
    "cumulative_return": 2.418555627864861,
    "volatility_pa": 0.06155765783904882,
    "historical_var_95_daily": -0.005599147024466603,
    "sharpe_rf2": 0.4508627996908954,
    "calmar": 0.23599001788184204,
    "max_drawdown": -0.19878092840763117
  },
  "taa_metrics": {
    "total_return_pa": 0.04756969217042295,
    "cumulative_return": 2.476759919647841,
    "volatility_pa": 0.05871597513451492,
    "historical_var_95_daily": -0.0054088906587848795,
    "sharpe_rf2": 0.48046237725913493,
    "calmar": 0.25718257996177213,
    "max_drawdown": -0.1849646744250476
  },
  "benchmark_metrics": null,
  "ips_pass_count_taa": 1,
  "ips_pass_count_saa": 1,
  "ips_loss_taa": 5.691451987736551,
  "ips_loss_saa": 7.141975075845424,
  "delta_drawdown": 0.01381625398258357,
  "delta_return": 0.0006593773209369047,
  "delta_vol": -0.0028416827045339016,
  "delta_sharpe": 0.029599577568239555,
  "elapsed_seconds": 14.531030893325806,
  "notes": "scale=1.5"
}